name,comment,r2
mu_100_3,mu_100 + 0.3 * (mu_3 - mu_100),0.255308
EMA(span=18),,0.257825
"Poly(d=6,p=1.3333333333333333)","",0.263156